{
  "accuracy": 0.7508871540099361,
  "precision": 0.5215759849906192,
  "recall": 0.7433155080213903,
  "f1": 0.6130099228224918,
  "roc_auc": 0.8255341135136531
}