{
  "tenure": 0.12371689372894899,
  "Contract_Month-to-month": 0.1221136058871108,
  "TotalCharges": 0.10314560390155168,
  "MonthlyCharges": 0.0710634246639777,
  "Contract_Two year": 0.06422049241016661,
  "OnlineSecurity_No": 0.06166856151358496,
  "TechSupport_No": 0.05151980401934046,
  "InternetService_Fiber optic": 0.0476952546280496,
  "PaymentMethod_Electronic check": 0.03357021760593068,
  "Contract_One year": 0.020070761038899623,
  "InternetService_DSL": 0.01847151235679262,
  "OnlineBackup_No": 0.017963234308666014,
  "OnlineSecurity_Yes": 0.014163786771545351,
  "PaperlessBilling_No": 0.012197065140591701,
  "PaperlessBilling_Yes": 0.011690532117601297,
  "DeviceProtection_No": 0.011268656877969593,
  "TechSupport_Yes": 0.011027598875441481,
  "InternetService_No": 0.010673377700065078,
  "StreamingMovies_No internet service": 0.01057960098562182,
  "OnlineBackup_Yes": 0.009247896425248602,
  "gender_Male": 0.009104577934541216,
  "gender_Female": 0.008793159578157761,
  "PaymentMethod_Credit card (automatic)": 0.008609842407997404,
  "Dependents_No": 0.008214581522803978,
  "OnlineSecurity_No internet service": 0.008105978981457927,
  "StreamingMovies_Yes": 0.008093087604330912,
  "Partner_No": 0.00802130098332628,
  "MultipleLines_No": 0.008017739160339328,
  "Partner_Yes": 0.008016540341340715,
  "PaymentMethod_Bank transfer (automatic)": 0.008004951438325221,
  "Dependents_Yes": 0.00795088589667664,
  "StreamingTV_Yes": 0.007686066385938557,
  "TechSupport_No internet service": 0.0074559064234827905,
  "MultipleLines_Yes": 0.007389896489965272,
  "StreamingMovies_No": 0.007283443153571743,
  "SeniorCitizen": 0.007198373645912622,
  "StreamingTV_No": 0.006928690182179428,
  "StreamingTV_No internet service": 0.006829064307097052,
  "DeviceProtection_Yes": 0.006606388784475024,
  "PaymentMethod_Mailed check": 0.006354164521260428,
  "OnlineBackup_No internet service": 0.005561616396148354,
  "DeviceProtection_No internet service": 0.004922168814275467,
  "PhoneService_No": 0.003036591084374924,
  "MultipleLines_No phone service": 0.0029617747325705965,
  "PhoneService_Yes": 0.002785328272345625
}