{
  "random_forest": {
    "baseline": {
      "accuracy": 0.7842441447835344,
      "precision": 0.6223776223776224,
      "recall": 0.47593582887700536,
      "f1": 0.5393939393939394,
      "roc_auc": 0.8233589087809037
    },
    "tuned": {
      "accuracy": 0.7650816181689141,
      "precision": 0.5424063116370809,
      "recall": 0.7352941176470589,
      "f1": 0.6242905788876277,
      "roc_auc": 0.8419282337440905
    }
  },
  "neural_network": {
    "baseline": {
      "accuracy": 0.7707594038325053,
      "precision": 0.5573033707865168,
      "recall": 0.6631016042780749,
      "f1": 0.6056166056166056,
      "roc_auc": 0.8372419850680719
    },
    "tuned": {
      "accuracy": 0.7806955287437899,
      "precision": 0.5783132530120482,
      "recall": 0.6417112299465241,
      "f1": 0.6083650190114068,
      "roc_auc": 0.8344661448242011
    }
  }
}