{
  "random_forest": {
    "baseline": {
      "accuracy": 0.7842441447835344,
      "precision": 0.6223776223776224,
      "recall": 0.47593582887700536,
      "f1": 0.5393939393939394,
      "roc_auc": 0.8233589087809037
    },
    "tuned": {
      "accuracy": 0.7650816181689141,
      "precision": 0.5424063116370809,
      "recall": 0.7352941176470589,
      "f1": 0.6242905788876277,
      "roc_auc": 0.8419282337440905
    }
  },
  "neural_network": {
    "baseline": {
      "accuracy": 0.7750177430801988,
      "precision": 0.5683453237410072,
      "recall": 0.6336898395721925,
      "f1": 0.5992414664981036,
      "roc_auc": 0.8382960035133948
    },
    "tuned": {
      "accuracy": 0.7679205110007097,
      "precision": 0.5555555555555556,
      "recall": 0.6283422459893048,
      "f1": 0.589711417816813,
      "roc_auc": 0.8305122839649695
    }
  }
}