Model,Split,R2_log,MAE_raw,RMSE_raw
RandomForest,valid,0.8767313428458702,16288.506748298067,25955.250847967327
RandomForest,test,0.8640478485671266,15866.617216908326,26253.49000024313
MLPRegressor,valid,0.8869534144301575,17715.067269900104,26258.934012795104
MLPRegressor,test,0.8622724041374051,16704.12464384561,26915.714018162747
RandomForest_TUNED,test,0.8673808564130939,15254.191671001321,26118.34512267119
MLPRegressor_TUNED,test,0.866746867483176,16147.40289376958,26577.582017355384
