Model,Split,R2_log,MAE_raw,RMSE_raw
LinearRegression,valid,0.9159590399040473,13048.957460250342,24028.84859962399
LinearRegression,test,0.8687778549695713,14067.980156735599,29038.655822002293
RandomForest,valid,0.8905398120833745,15065.774933489185,25088.5292624996
RandomForest,test,0.8483798365561953,16211.735336842608,26865.945958519762
XGBoost,valid,0.9231542062008589,12909.683291903413,19693.338459714563
XGBoost,test,0.8947593602787944,13813.197629616481,21658.140865199897
