Model,Split,R2_log,MAE_raw,RMSE_raw
RandomForest,valid,0.8905398120833747,15065.774933489205,25088.52926249959
RandomForest,test,0.8483798365561956,16211.7353368426,26865.94595851973
MLPRegressor,valid,0.6389727915693378,30924.641901330746,200291.04997816958
MLPRegressor,test,0.6538568112170167,40978.552360207934,490898.268630111
